Потому что, ;судя по всему;, там были многочисленные шаровые молнии./nНо, ;судя по всему;, во время неудачного падения он повредил позвоночник, потому что не смог сам добраться до дома./nПоследним, ;судя по всему;, предстоит работа ради работы./nОднако задачу создания полноценной установки специалисты «Агата», ;судя по всему;, перед собой и не ставили./nСамым дорогим нашим музеем является, ;судя по всему;, Третьяковская галерея &#8213; вход для граждан РФ стоит 25 рублей (для иностранцев &#8213; 210)./nСудя по всему, в Старицком уезде, в Малинниках он все это нашел.;судя по всему
Однако 13 января, когда Дума соберется на свое первое после каникул заседание, ей будет, ;судя по всему;, предложено проголосовать за 22 января, на чем настаивает правительство./nКонечно, новая Чечня не будет хасавюртовской &#8213; потому что Чечня постхасавюртовского периода была территорией с неопределенным статусом и опасностью дестабилизации региона, а статус этой Чечни, ;судя по всему;, определят и с бандитизмом покончат совместными усилиями./n» Восклицательный знак они, ;судя по всему;, решили пока пощадить./n«Тренинг», ;судя по всему;, пройдет по таким «бесспорным» проблемам, как борьба с угрозой распространения ракетных технологий, контртеррористические действия, но пока вне масштабного взаимодействия по проблемам миротворчества, «может быть, будут некоторые отдельные проекты и отдельные совместные учения»./nНестерова, 122-а; здание ресторана «Виктория» на площади Ленина, магазин «Кооператор» на проспекте Энгельса и еще одно встроенное помещение (;судя по всему;, под магазин) по адресу: ул./nЭто не позерство: ;судя по всему;, ему действительно нечего бояться в своем городе./nСудя по всему, в восприятии руководства Римско-Католической церкви Россия предстает в образе страны, безнадежно отсталой в религиозном отношении и нуждающейся духовном «просвещении» именно из Ватикана.;судя по всему
Судя по всему, Бебель, как любовно зовут во Франции Бельмондо, уже в конце нынешней недели покинет больницу.;судя по всему
Судя по всему, чаша весов склонялась в сторону христианки, потому что сгорающая от ревности Айша сбежала из города, прихватив с собой маленького сына Боабдила &#8213; наследника престола.;судя по всему
Оно и понятно, Сам ;судя по всему; в Сакраменто живешЬ : heh:/nДо этого нам, ;судя по всему;, пока далеко./nНасморк, ;судя по всему;, их никак не пугает./nСегодня же Путин, ;судя по всему;, серьезно взялся за укрепление вертикали власти./nСудя по всему, именно с целью этой самой поддержки Минобороны пригласило в Псков лидеров ведущих думских фракций.;судя по всему
Однако, ;судя по всему;, в ПФ понимают, что процесс превращения социальных банков в традиционные коммерческие не остановить./nСудя по всему, Шульженко любила Григорьева, жила у него и даже носила обручальное кольцо.;судя по всему
И, обливая человека грязью (заслуженно или нет), никаких терзаний, ;судя по всему;, они уже не испытывают./nУжас!  »  &#8213; Судя по всему, вы довольны результатом.   &#8213; Я не женщина, чтобы быть довольной, когда тебя удовлетворяют.;судя по всему
Российская политическая элита сегодня находится в состоянии острого политического кризиса: власть в лице определенных представителей силовых структур объявила настоящую войну большому бизнесу и, ;судя по всему;, бизнес этот вызов принял./nСудя по всему, Виталий Зыков не намерен откладывать реализацию новых планов в долгий ящик.;судя по всему
Главным из «гостей», ;судя по всему;, был чернобородый молодой красавец, словно бы сошедший с книжных иллюстраций к грузинскому эпосу./nКоролева Елизавета II отметила на этой неделе 50-летие пребывания на престоле и, ;судя по всему;, прекрасно себя чувствует./nВообще брюки в этом сезоне, ;судя по всему;, были особенно любимы дизайнерами Cacharel: джинсовые с молнией вдоль пояса, классические однотонные и выполненные по технологии «принт»./nСудя по всему, полученный при этом опыт подвигнет Каданникова на конкретные действия уже в новом качестве и теперь уже в масштабах не одного завода, а страны в целом.;судя по всему
И даже этот, ;судя по всему; продвинутый, все же обиделся./nДаже ветхозаветный спаситель животных Ной носил, ;судя по всему;, кожаные сандалии &#8213; по израильской жаре не было более гуманной и физиологичной для человеческих ног обуви./nСудя по всему, принять это окончательное решение комиссии будет непросто.;судя по всему
Высшее германское командование просит Вас потребовать немедленного выбора атамана, которым, несомненно, будете Вы, Ваше Превосходительство (;судя по всему; тому, что нам известно)…/nВПРОЧЕМ, ;судя по всему;, ни один сценарий не будет реализован полностью./nИтак, ;судя по всему;, одним из вариантов развития уже существующих и создания новых фондов недвижимости может стать более тесное взаимодействие управляющих компаний с ипотечными агентствами, агентствами по жилищному кредитованию, а также другие варианты совместной деятельности с институтами, имеющими то или иное отношение к недвижимости./nИ потому он даже сознательно передал его подробное, почти дословное изложение для публикации на Западе через тогдашнего корреспондента агентства Рейтер Джона Ретти, на которого вывели человека, назвавшегося Костей Орловым, ;судя по всему;, работника КГБ (см./n         так  как друзья ей сказали, что у него язва желудка, которая, ;судя по всему;, переходит в рак, и что было бы нелепо, если бы она согласилась на предложение человека, которому остается жить, может быть, несколько месяцев./nСама лестница вырублена в огромной скале и ведет к пещерам на вершине горы, где масса алтарей и изваяний буддийских божеств &#8213; от Шивы и его сына Ганешу в образе слона &#8213; до Рамы и Кришны (службы идут, ;судя по всему;, не прекращаясь)./n&#8213; Судя по всему, вы направляетесь в Массандру, &#8213; добавил он, поцеловав руку Ксении.;судя по всему
Судя по всему, альянс Дубинин&#8213;Хандруев может состояться.;судя по всему
Судя по всему, он произвел на нее впечатление, и она сказала, что придет за снимками, но чтобы он, если увидит ее с другими людьми, не обращал на нее внимания и не пытался с ней заговорить.;судя по всему
При этом, ;судя по всему;, правительство откажется от упрощенного режима компенсации НДС и по экспорту, и по капитальным вложениям./n». Судя по всему, «кто виноват» всем интереснее, чем незамерзание, ибо постановка вопроса на микроуровне &#8213; «Что нужно нам сделать и сколько это нам будет стоить?;судя по всему
Напротив, ;судя по всему;, она еще надолго останется важным источником их жизнеобеспечения &#8213; и в материальном плане, и особенно в отношении повседневного ухода./nСудя по всему, в основе такой ситуации лежит человеческий фактор.;судя по всему
Судя по всему, вопрос конкуренции на рынках России является для «Ростелекома» одним из главных.;судя по всему
Архитекторы и градостроители всерьез обеспокоены новым Градостроительным кодексом, ждать которого осталось, ;судя по всему;, совсем недолго./n'Судя по всему, Максимовской кто-то выписал волчий билет';судя по всему
Часть ее членов, ;судя по всему;, все же настаивала на неких действиях солидарности./nСудя по всему, они занимали в обществе такое положение, что сидеть на обычных местах они уже не хотели, а до правительственного места не дотягивали, вот им и приходилось просить тетю Медею.;судя по всему
Пользуясь уже имеющимися данными о небольшой части обезьяньего генома и сравнив ее с соответствующей человеческой, Бриттен определил, что генетическое различие человека и шимпанзе, с учетом таких вставок или удалений, намного больше полутора процентов и достигает, ;судя по всему;, целых пяти./nДавний конфликт с губернатором Санкт-Петербурга Владимиром Яковлевым практически разрешен: состав Законодательного собрания Северной столицы уже не является прояковлевским, а о третьем сроке нынешнему губернатору СПб, ;судя по всему;, придется забыть./nПришел, ;судя по всему;, всерьез и надолго, посчитав себя абсолютным хозяином округа./nСудя по всему, исходя из следующего обстоятельства: раз теплотворная способность водорода втрое больше, то по весу его нужно втрое меньше, чем обычного топлива, а за счет этого, стало быть, можно увеличить вместимость машины.;судя по всему
Судя по всему, семьдесят процентов тех, кого посадили в президиум и кто отвечал на вопросы, страдали отеком мозга и раздвоением личности одновременно.;судя по всему
Сегодня, ;судя по всему;, будет жуткая жара, а ты не представляешь, как изнурительно сидеть в душных боксах в толстом комбинезоне и балаклаве./nСудя по всему, в Москве он таксарил, но не говорит прямо, однако почти все азербайджанцы на чужбине или бомбят, или торгуют.;судя по всему
&#8213; Снеговой, ;судя по всему;, застрелился, &#8213; сказал Вечеровский./nОднако, ;судя по всему;, эти вопросы останутся на периферии саммита./nОн же, ;судя по всему;, погас так же внезапно, как вспыхнул, начал косить своими узкими зелеными во все стороны, &#8213; стыдно за него становилось./nТолько вот главные конкуренты «УНИКСа», ;судя по всему;, не склонны учитывать многочисленные «околоспортивные» факторы./nВ частности, председатель АПР Михаил Лапшин заявил о том, что «Минсельхоз под руководством Гордеева ведет антикрестьянскую политику», которая, ;судя по всему;, и является главной причиной несовместимости Гордеева с профильной партией./nСудя по всему, речь идет об уплотнительной нити Loctite 55.;судя по всему
Судя по всему, ждать осталось не так уж долго.;судя по всему
Нам уже тогда казалось, что исключительный случай неминуемо настанет, и, ;судя по всему;, он настал»./nРаненного в шею и затылок (также, ;судя по всему;, контрольный выстрел), его оперировали до шести часов утра и буквально вырвали у смерти./nСудя по всему, у человека уже сегодня есть возможность «записаться» в эту «библиотеку».;судя по всему
Судя по всему, воспитаннице ГИТИСа, которую мы встретили на земле басков, судьба не принесла большого счастья: в театр здесь, конечно, она не попала, живет случайными уроками.;судя по всему
Судя по всему, Гитлер решил разом обесценить любые британские и французские маневры, стремясь побудить Сталина сжечь запасные мосты.;судя по всему
Грым еще спал, а Хлоя уже проснулась, позавтракала и, ;судя по всему;, собиралась в гости к Бернару-Анри &#8213; она стояла у ведущего в подвал люка и задумчиво похлопывала себя по ладони клюшкой для гольфа./nНикиту здесь, ;судя по всему;, знали с лучших сторон, им немедленно накрыли в акустической нише и нашептали про уху с раковыми шейками и розовое «шабли»./nЕе самый известный альбом вышел в 1983-м году, и, ;судя по всему;, опередил время лет этак на десять./nРодоначальник Масутацу Ояма, ;судя по всему;, мужиком был взбалмошным./nЧубайс, Немцов и компания, а также их хозяева, ;судя по всему;, крепко наложили в штаны./nСудя по всему, она, фауна, неплохо сохранилась, поскольку сам дизайн номера предполагает наличие не более 999 автомобилей.;судя по всему
И долго еще, ;судя по всему;, кудрявая койву будет морочить голову исследователям и поклонникам./nФенопластов очень много, и, ;судя по всему;, применяться они будут еще долго…/nНа данный момент значительных изменений в порядке раскрытия информации, ;судя по всему;, не ожидается./nУ названой невесты настроение было, ;судя по всему;, совсем другое./nЕще до прихода европейцев на каланов охотились местные жители, алеуты, однако, ;судя по всему;, это не наносило каланам большого ущерба./nПриятно стало за мальчика, который соприкоснулся великой и героической истории своего народа и который, ;судя по всему;, впервые в жизни примерил на себя поступок сверстников-героев./n&gt; Почему Дуня плакала всю дорогу от почтовой станции до города, хотя, по словам ямщика, она, ;судя по всему;, отправилась в путь по своей охоте?/nУменьшаются с 3,6 до 2,8% отчисления в фонд обязательного медицинского страхования &#8213; ;судя по всему;, Правительство считает, что наша медицина уже решила все острые проблемы и не нуждается в этих средствах./nИ хоть они свои, жена и дочь, а, ;судя по всему;, такие же батраки, как мы… С утра до ночи при хозяйстве или на огороде./nИ правительственным мечтам о цивилизованном топливном балансе, ;судя по всему;, не суждено сбыться./nУ них, ;судя по всему;, не было, как говорится, преступных замыслов./nСудя по всему, у французов сегодня доминирует простой лозунг: «Только не де Голль!;судя по всему
В похожую ловушку загнали себя американцы, когда отказались инкорпорировать в состав американской нации негров и индейцев (по отношению к первым предполагалось, что рабство будет существовать вечно, а вторых, ;судя по всему;, надеялись полностью истребить)./nКогда до них оставалось метров десять, «дипломатические переговоры», ;судя по всему;, закончились и началась беспощадная драка./nСудя по всему, она гордилась своим прозвищем.;судя по всему
Судя по всему, со здешним прикрытием подполковника Манухина Терехой Васюк в чем-то просчитался.;судя по всему
Судя по всему, глава области пока еще не определился в своих приоритетах, поэтому политические планы относительно участия в выборах их потенциальные участники предпочитают озвучивать более чем осторожно.;судя по всему
Несоответствие во взглядах автора не сглаживается даже тем фактом, что в книге выделяется еще один культурно- исторический тип &#8213; «новоамериканский», только начавший свое развитие и, ;судя по всему;, призванный на определенном этапе сменить Россию./nЛида напряженно молчала, глядя с загадочным видом в окно, а Илья, ;судя по всему;, особой разговорчивостью не отличался./nВскоре после этого гонщикам Ferrari и Хаккинену, ;судя по всему;, надоело тренироваться, и на трассу они больше не выезжали./nПричина, ;судя по всему;, в том, что Михаил Балакин активно занимается бизнесом./nСудя по всему, в расчете на это образцово-показательные перемещения и производятся.;судя по всему
Этот в фуражке, над козырьком которой то и дело поблескивала красная звездочка, ;судя по всему;, действительно был тут главным, наверное из окруженцев./nКонечно, на бале к ней не приблизиться, ибо, ;судя по всему;, мое имя в ее доме запретно./n